{
    "name": "Shizu Revenge",
    "CardType": "Event",
    "CardLimit": "1",
    "Description": "Shizu has mastered a new technique...",
    "requires": [ ""],
    "requiresEvent": [
        {
            "NameOfEvent": "",
            "Progress": "99",
            "ChoiceNumber": "-1",
            "Choice": ""
        }
    ],
    "Speakers": [
        {
            "name": "Shizu2",
            "postName": "",
            "SpeakerType": "Monster"
        }
    ],
    "EventText": [
        {
            "NameOfScene": "EventStart",
            "theScene": [
			"You see someone familiar come into view.",
            "DisplayCharacters",
			"1",
			"EndLoop",
			"Speaks",
			"You. Come with me.",
			"StoreCurrentBG",
            "ChangeBG", "Caverns.png",
			"Speaks",
			"I still haven't forgiven you for last time. I'd like to show you what I've learned since my last defeat.",
			"CombatEncounter",
			"Shizu2",
			"StartCombat",
			"You overpower Shizu...again..."
			
				
            ]
        }

    ]
}