{
    "name": "Shizu Revenge",
    "description": "Adds a new event with Shizu to the Caverns. Armed with a new weapon, she hopes to challenge you once again.\n\n",
    "testedFor": {"major": 26, "minor": 4, "patch": 2},
    "semVersion": {"major": 1, "minor": 0, "patch": 3},
    "tags" : [
        "Pegging",
        "+1 Event"
    ],
    "credits": [
        "{b}Art{/b}",
        "Shizu portrait by {a=https://www.jfcsxf.com/comm_info.html}Jiffic{/a}",
        "{b}Music{/b}",
        ""
    ],
    "authors": [
        "Sazen",
        ""
    ],
    "urlLabel": "Wiki Page",
    "url": "https://monstergirldreams.miraheze.org/wiki/Mod:Shizu_Revenge"
}
