{
    "name": "Ninja Art: Pegging Defence",
    "cost": "5",
    "costType": "ep",
    "requiredLevel": "0",
    "learningCost": "250",
    "skillType": "statusEffect",
    "statType": "Allure",
    "requiredStat": "6",
    "skillTags": [ "Seduction"],
    "fetishTags": [ "Penetration"],
    "startsStance": "",
    "requiresStance": "Any",
    "unusableIfStance": [ "Any"],
    "requiresTargetStance": [ "Any"],
    "unusableIfTarget": [ "Blowjob", "Sex", "Anal", "Titfuck", "Pegging"],
    "removesStance": "None",
    "requiresStatusEffect": "None",
    "requiresStatusPotency": "0",
    "unusableIfStatusEffect": [ "None"],
    "power": "15",
    "minRange": "90",
    "maxRange": "110",
    "recoil": "0",
    "targetType": "single",
    "statusEffect": "",
    "statusChance": "250",
    "statusDuration": "5",
    "statusPotency": "0",
    "statusResistedBy": "Willpower",
    "statusText": "",
    "descrip": "",
    "outcome": "",
    "miss": "",
    "statusOutcome": "|f|CallCombatEventAndScene|/|KunoichiCombatEvents|/|Pegging Counter Call",
    "statusMiss": "",
    "restraintStruggle": "",
    "restraintStruggleCharmed": "",
    "restraintEscaped": "",
    "restraintEscapedFail": ""
}
