{
    "name": "Ninja Art: Body Flicker",
    "cost": "5",
    "costType": "ep",
    "requiredLevel": "0",
    "learningCost": "0",
    "skillType": "attack",
    "statType": "Technique",
    "requiredStat": "7",
    "skillTags": [ "Penetration", "Ass"],
    "fetishTags": [ "Ass"],
    "startsStance": "Pegging",
    "requiresStance": "Any",
    "unusableIfStance": [ "Any"],
    "requiresTargetStance": [ "Any"],
    "unusableIfTarget": [ "Pegging"],
    "removesStance": "",
    "requiresStatusEffect": "",
    "requiresStatusPotency": "0",
    "unusableIfStatusEffect": [ "Restrain"],
    "power": "25",
    "minRange": "90",
    "maxRange": "110",
    "recoil": "0",
    "targetType": "single",
    "statusEffect": "",
    "statusChance": "0",
    "statusDuration": "0",
    "statusPotency": "0",
    "statusResistedBy": "Willpower",
    "statusText": "",
    "descrip": "",
    "outcome": "Suddenly appearing from behind, [AttackerName] tightly grips [TargetName] from behind! |n|As [TargetHeOrShe] struggles, [AttackerName] plunges her magic strapon into [TargetName]'s vulnerable rear!|n|[TargetName] can't help but yelp in a mixture of pain and pleasure from the sudden intrusion!",
    "miss": "Suddenly appearing from behind, [AttackerName] tries to grab [TargetName], but [TargetHeOrShe] manages to avoid [AttackerName] as [AttackerHeOrShe] reaches for them!",
    "statusOutcome": "",
    "statusMiss": "",
    "restraintStruggle": "",
    "restraintStruggleCharmed": "",
    "restraintEscaped": "",
    "restraintEscapedFail": ""
}
