{
    "name": "Ninja Art: Lust Explosion",
    "cost": "5",
    "costType": "ep",
    "requiredLevel": "0",
    "learningCost": "0",
    "skillType": "attack",
    "statType": "Allure",
    "requiredStat": "0",
    "skillTags": [ "Penetration", "Ass", "Magic"],
    "fetishTags": [ ""],
    "startsStance": "",
    "requiresStance": "Pegging",
    "unusableIfStance": [ ""],
    "requiresTargetStance": [ "Pegging"],
    "unusableIfTarget": [ ""],
    "removesStance": "",
    "requiresStatusEffect": "Charm",
    "requiresStatusPotency": "0",
    "unusableIfStatusEffect": [ "None"],
    "power": "120",
    "minRange": "90",
    "maxRange": "110",
    "recoil": "0",
    "targetType": "single",
    "statusEffect": "Stun",
    "statusChance": "50",
    "statusDuration": "1",
    "statusPotency": "1",
    "statusResistedBy": "Willpower",
    "statusText": "",
    "descrip": "",
    "outcome": "[AttackerName]'s eyes glow as she deeply penetrates [TargetName] and sends a torrent of magic exploding into [TargetHisOrHer] love tunnel.",
    "miss": "[AttackerName]'s eyes glow momentarily--but then she seems distracted...",
    "statusOutcome": "[AttackerName]'s explosive thrusts have left [TargetName] completely stunned, leaving [TargetHimOrHer] full of lust.",
    "statusMiss": "",
    "restraintStruggle": "",
    "restraintStruggleCharmed": "",
    "restraintEscaped": "",
    "restraintEscapedFail": ""
}
