{
    "name": "Shizu's Revenge",
    "description": "Adds a new event with Shizu to the Caverns. Armed with a new weapon, she hopes to challenge you once again.\n",
    "testedFor": {"major": 25, "minor": 7, "patch": 0},
    "semVersion": {"major": 6, "minor": 9, "patch": 69},
    "tags" : [
        "Pegging",
        "+1 Event"
    ],
    "credits": [
        "{b}Art{/b}",
        "Shizu by {a=https://www.jfcsxf.com/comm_info.html}Jiffic{/a}",
    ],
    "authors": [
        "Sazen",
        ""
    ],
    "urlLabel": "Wiki Page",
    "url": "https://monstergirldreams.miraheze.org/wiki/"
}