{
    "name": "Ninja Art: Draining Grind",
    "cost": "0",
    "costType": "ep",
    "requiredLevel": "0",
    "learningCost": "0",
    "skillType": "attack",
    "statType": "Intelligence",
    "requiredStat": "0",
    "skillTags": [ "Sex"],
    "fetishTags": [ "Penetration"],
    "startsStance": "",
    "requiresStance": "Pegging",
    "unusableIfStance": [ "Making Out"],
    "requiresTargetStance": [ "Any"],
    "unusableIfTarget": [ "Sex", "Anal", "Tailjob"],
    "removesStance": "None",
    "requiresStatusEffect": "None",
    "requiresStatusPotency": "0",
    "unusableIfStatusEffect": [ "None"],
    "power": "30",
    "minRange": "90",
    "maxRange": "110",
    "recoil": "0",
    "targetType": "single",
    "statusEffect": "None",
    "statusChance": "25",
    "statusDuration": "3",
    "statusPotency": "0",
    "statusResistedBy": "",
    "statusText": "",
    "descrip": "",
    "outcome": "|f|ChangeEnergyQuietly|/|-10|n|[AttackerName]’s body begins to glow with an eerie purple light as [AttackerHeOrShe] gently grinds [AttackerHisOrHer] toy into [TargetName]’s ass in slow, wavelike motions, making [TargetHimOrHer] moan with each pulsing wave of pleasure sent through [TargetHimOrHer] as gouts of energy are gently drained from [TargetHisOrHer] body.",
    "miss": "[AttackerName]’s body begins to glow with an eerie purple light as [AttackerHeOrShe] gently grind [AttackerHisOrHer] toy into [TargetName]’s ass in slow, wavelike motions, but [TargetHeOrShe] manages to endure the draining, magical pegging!",
    "statusOutcome": "",
    "statusMiss": "",
    "restraintStruggle": "",
    "restraintStruggleCharmed": "",
    "restraintEscaped": "",
    "restraintEscapedFail": ""
}
