{
  "name": "Kunoichi Combat Events",
  "Addition": "Yes",
  "Speakers": [
      {
          "name": "Kunoichi",
          "postName": "",
          "SpeakerType": "Monster"
      }
  ],
  "EventText": [
       {
                        "NameOfScene": "Pegging Counter Call",
                        "theScene": [ "IfChoice", "3", "TempleFight", "Titty Temptation",
                                      "SetChoice", "1", "CounterCheckEndTurn" 
                                  ]
                    },
                        {
                          "NameOfScene": "EndOfRoundCounterCheck",
                          "theScene": [  "EncounterSizeLessOrEqualTo", "2", "CloneDefeated",
                                        "JumpToScene", "DoRestOfEndOfRoundCounterChecks"
                                    ]
                        },
                        {
                          "NameOfScene": "DoRestOfEndOfRoundCounterChecks",
                          "theScene": [
                                        "IfMonsterHasStatusEffect", "Sleep", "Remove Counter Checks",
                                        "IfMonsterHasStatusEffect", "Stun", "Remove Counter Checks",
                                        "IfMonsterHasStatusEffect", "Restrain", "Remove Counter Checks",
                                        "IfChoice", "2", "counter set", "CounterEnd",
                                        "IfChoice", "2", "Countered!", "ResumeFight",
                                        "IfChoice", "1", "CounterCheckEndTurn", "CounterSetCheck"
                                    ]
                        },
                                {
                                  "NameOfScene": "Remove Counter Checks",
                                  "theScene": [   "SetChoice", "1", "",
                                                  "SetChoice", "2", "",
                                                  "ResumeMonsterAttack"
                                            ]
                                },
                        {
                          "NameOfScene": "CounterSetCheck",
                          "theScene": [   "SetChoice", "1", "",
                                          "IfMonsterHasStance", "Any", "DoAttack",
                                          "SetChoice", "2", "counter set",
                                          "SkipMonsterAttack",
                                          "ChangeImageLayer", "Base", "Aura", "ChangeImageLayer", "Expression", "SinisterGlow",
                                          "[DisplayMonsterChoice]'s eyes suddenly glow an ominous purple as they lock onto yours, and she stands eerily still in a rigid combative pose as she watches you..."
                                    ]
                        },
                            {
                              "NameOfScene": "DoAttack",
                              "theScene": [  "CallMonsterAttack"
                                        ]
                            },
                        {
                          "NameOfScene": "CounterEnd",
                          "theScene": [   "SetChoice", "2", "",
                                          "ResumeMonsterAttack",
                                          "ChangeImageLayer", "Base", "Base","ChangeImageLayer", "Expression", "Dominant",
                                          "[DisplayMonsterChoice] lets out a laugh as she begins to move once more, shifting her weight from foot to foot as she readies herself for combat again, and you can't help but notice that the ominous glow has left her eyes."
                                    ]
                        },
                        {
                          "NameOfScene": "ResumeFight",
                          "theScene": [   "SetChoice", "2", "",
                                          "ResumeMonsterAttack"
                                         ]
                        },
                    {
                      "NameOfScene": "CallCounterAttack",
                      "theScene": [  "IfMonsterHasStatusEffect", "Sleep", "Remove Counter Checks",
                                    "IfMonsterHasStatusEffect", "Stun", "Remove Counter Checks",
                                    "IfMonsterHasStatusEffect", "Restrain", "Remove Counter Checks",
                                    "IfChoice", "2", "counter set", "Counter attack peg!"
                                ]
                    },
                    {
                      "NameOfScene": "Counter attack peg!",
                      "theScene": [   "SetChoice", "2", "Countered!",
                                      "SkipPlayerAttack",
                                      "ChangeImageLayer", "Base", "Base","ChangeImageLayer", "Expression", "Dominant",
                                      "As soon as you try to move, however, [DisplayMonsterChoice] suddenly disappears in a puff of smoke, blinding you momentarily as you try to figure out where she just went!",
                                      "ApplyStance", "Pegging",  "SetAttack", "Ninja Art: Draining Grind",
                                      "HitPlayerWith", "Ninja Art: Draining Grind",
                                      "You gasp as you abruptly feel the sensation of a lubed toy being rammed into you, the shock and pleasure forcing you onto your hands and knees![DamageToPlayer]",
                                      "ChangeEnergyQuietly",
                                      "-25",
                                      "HitPlayerWith", "Ninja Art: Draining Grind", "ChangeImageLayer", "Base", "Aura", "ChangeImageLayer", "Expression", "SinisterGlow",
                                      "You try to get back up, but before you can do a thing, she presses herself against you as a purple glow pulses from her body, and you groan as your energy leaves you in an instant, letting her easily push you onto the ground as she grinds a glowing strapon into you, draining 25 energy.[DamageToPlayer]",
                                       "ChangeImageLayer", "Base", "Base"
                                ]
                    }
	

                ]
}

