{
    "name": "Ninja Art: Hypnotic Dance",
    "cost": "5",
    "costType": "ep",
    "requiredLevel": "0",
    "learningCost": "0",
    "skillType": "attack",
    "statType": "Allure",
    "requiredStat": "0",
    "skillTags": [ "Penetration", "Ass", "Magic"],
    "fetishTags": [ ""],
    "startsStance": "",
    "requiresStance": "Pegging",
    "unusableIfStance": [ ""],
    "requiresTargetStance": [ "Pegging"],
    "unusableIfTarget": [ ""],
    "removesStance": "None",
    "requiresStatusEffect": "None",
    "requiresStatusPotency": "0",
    "unusableIfStatusEffect": [ "None"],
    "power": "60",
    "minRange": "90",
    "maxRange": "110",
    "recoil": "0",
    "targetType": "single",
    "statusEffect": "Charm",
    "statusChance": "150",
    "statusDuration": "10",
    "statusPotency": "0",
    "statusResistedBy": "Willpower",
    "statusText": "",
    "descrip": "",
    "outcome": "[AttackerName]'s body glows as she deeply penetrates [TargetName] and sends lust magic into [TargetHisOrHer] while she thrusts.",
    "miss": "[AttackerName]'s body glows momentarily--but then she seems distracted...",
    "statusOutcome": "[AttackerName]'s explosive thrusts have left [TargetName] completely charmed, leaving [TargetHimOrHer] full of lust.",
    "statusMiss": "",
    "restraintStruggle": "",
    "restraintStruggleCharmed": "",
    "restraintEscaped": "",
    "restraintEscapedFail": ""
}
