{
    "name": "Ninja Art: Lightning Thrust",
    "cost": "5",
    "costType": "ep",
    "requiredLevel": "0",
    "learningCost": "0",
    "skillType": "attack",
    "statType": "Core",
    "requiredStat": "0",
    "skillTags": [ "Penetration", "Ass"],
    "fetishTags": [ ""],
    "startsStance": "",
    "requiresStance": "Pegging",
    "unusableIfStance": [ ""],
    "requiresTargetStance": [ "Pegging"],
    "unusableIfTarget": [ ""],
    "removesStance": "None",
    "requiresStatusEffect": "None",
    "requiresStatusPotency": "0",
    "unusableIfStatusEffect": [ "None"],
    "power": "30",
    "minRange": "90",
    "maxRange": "110",
    "recoil": "0",
    "targetType": "single",
    "statusEffect": "none",
    "statusChance": "0",
    "statusDuration": "0",
    "statusPotency": "0",
    "statusResistedBy": "",
    "statusText": "",
    "descrip": "",
    "outcome": "[AttackerName] thrusts [AttackerHisOrHer] strapon into [TargetName]'s rear, with shocking speed, forcing [TargetHimOrHer] to moan deeply.",
    "miss": "[AttackerName] tries to thrust [AttackerHisOrHer] strapon into [TargetName]'s rear, but [AttackerName] slips off!",
    "statusOutcome": "",
    "statusMiss": "",
    "restraintStruggle": "",
    "restraintStruggleCharmed": "",
    "restraintEscaped": "",
    "restraintEscapedFail": ""
}
